<?xml version="1.0" encoding="UTF-8"?>
<project-private xmlns="http://www.netbeans.org/ns/project-private/1">
    <editor-bookmarks xmlns="http://www.netbeans.org/ns/editor-bookmarks/2" lastBookmarkId="0"/>
    <open-files xmlns="http://www.netbeans.org/ns/projectui-open-files/2">
        <group name="OnSite-WeeklyExamples">
            <file>file:/C:/Users/ksungAD/Dropbox/2.Classes/450/www/TestOnRotatedViews/public_html/src/Engine/Renderable/SceneNode.js</file>
            <file>file:/C:/Users/ksungAD/Dropbox/2.Classes/450/www/TestOnRotatedViews/public_html/src/Engine/Camera/Camera.js</file>
            <file>file:/C:/Users/ksungAD/Dropbox/2.Classes/450/www/TestOnRotatedViews/public_html/src/Engine/Transform/Transform.js</file>
            <file>file:/C:/Users/ksungAD/Dropbox/2.Classes/450/www/TestOnRotatedViews/public_html/src/App/ClassExample.js</file>
            <file>file:/C:/Users/ksungAD/Dropbox/2.Classes/450/www/TestOnRotatedViews/public_html/src/Engine/Renderable/SquareRenderable.js</file>
            <file>file:/C:/Users/ksungAD/Dropbox/2.Classes/450/www/TestOnRotatedViews/public_html/src/Engine/Renderable/MeshRenderable.js</file>
            <file>file:/C:/Users/ksungAD/Dropbox/2.Classes/450/www/TestOnRotatedViews/public_html/src/Engine/Renderable/Renderable.js</file>
        </group>
        <group name="450Examples">
            <file>file:/C:/Users/Kelvin/Dropbox/2.Classes/450/www/WeeklyExamples/TestOnRotatedViews/public_html/src/MainController.js</file>
            <file>file:/C:/Users/Kelvin/Dropbox/2.Classes/450/www/WeeklyExamples/TestOnRotatedViews/public_html/src/App/ClassExample.js</file>
            <file>file:/C:/Users/Kelvin/Dropbox/2.Classes/450/www/WeeklyExamples/TestOnRotatedViews/public_html/src/App/ClassExample_CurrentObject.js</file>
            <file>file:/C:/Users/Kelvin/Dropbox/2.Classes/450/www/WeeklyExamples/TestOnRotatedViews/public_html/index.html</file>
        </group>
    </open-files>
</project-private>
